comment_text	hdb_labels
"25:28
Trump: Did you hear anything?
Biden: No what was that sound."	-1
"53:39 trump the idiot.
Your the big man! I dont know if you are.. BUT YOUR THE BIG MAN.. which is it trump.. Grammer helps.."	-1
Trump is the President of the USA !  no biden...	-1
Driving home from school today because that Wednesday Iâ€™m going to schools for the day so Iâ€™m not going out of the house to get wills house	-1
Trump won election the swamp rats in Washington did everything they could to cheat in order to have Biden win. Congrats you now have the power and this country and all we can do is sit around and watch you waste our money change the constitution do whatever they want and clearly I don't see our country strong and proud. This election was a disgrace 75 million people voted for president Trump and the few swing states should be ashamed of themselves for being pushed around to be bullied into being dishonest. No one on Trump side believes for one second that sleepy Joe won.  He is not my president.  I am sad, angry frustrated and upset so pelosi and shumner shame on you.  You have not done 1 thing for the American people. You are the reason we all want term limits because you don't deserve to be in government.   Do us all a favor. Retire	-1
Biden looks too old	324
how many memes?	-1
"I feel like disliking comments cause ain't nobody disliking sht
Not personal just cause its empty 
Its ungodly to leave open space"	-1
Men and Women are entertained by this debate. What about 3rd genders?	-1
I like	-1
The lackadaisical dash histologically boast because select theoretically clean to a hoc health. sedate, late room	-1
Cmon man.	190
Is he still under audit?	-1
"â€œThe show will start very soonâ€
She had no idea what kind of show she was talking about."	-1
Chad Trump vs Demented Biden	-1
TRAMP JE DRUGI KENEDI POBEDICE ISTINA	-1
Biden by a landslide. He stomped Trump!	-1
Trump is right about the corona virus we cannot shut down everything I've been tested positive for corona virus and it went away next time I tested so it does indeed go away	-1
To be honest, I am amazed they allowed comments on this video	-1
Trump is a fucking liar	223
Trump just stfu	-1
"6:28 ""we want them to engage each other""
MORTAL KOMBAT!"	-1
525 kids not knowing where theyâ€™re gonna be and lost their parents.  Trump says next. The one thing he wonâ€™t respond too.	-1
Your Maga hats are made in china. His trump bear is made in china. Trumps ties are made in china. His shirts are made in Bangladeshi. So Donald doesnâ€™t make money from China bull ğŸ’© .  Donald talking America first is bull ğŸ’©	-1
A president who looks like a burst orange and wants to replace the light bulbs because they disturb his complexion is already Stalinist. Trump is a communist, no, he is not. He is a little Hitler.	-1
A democracy that legitimises the death penalty is uncivilised. It is not a democracy. It is a dictatorship. Trump is the leader of the anti-Democrats.	-1
The United States of America is a kleptocracy and a plutocracy. There are antichrists like Steve Bennon and Donald Trump and the evangelicals. See Rosemary's Baby.	-1
You shouldn't elect a German president.	-1
the sleepy Donald.	-1
Donald Trump doesn't have a good nursery. His ancestors were dubious Germans.	-1
Donald Trump's grandfather was a pimp.	-1
i mean the chinease virus, but the problem is, Americans can't german. A propos, Trump's grandfather was German and died of the American virus after perhaps four weeks. He also ran brothels.	-1
I love that virtue signalling smile Joe Biden and Harris crack when they are being exposed	-1
i miss obama best president since abraham Lincoln	-1
Trump is not even close to perfect but still miles better than senile, corrupt Joe. Biden is a fraud and a pathological liar.	-1
"Joe biden: Well-
Trump: Im gonna stop you right there"	-1
Lol trumps hand gestures	-1
"Thanks God 
Donald T. is no longer president of America. He is the worst leader of the World. All the problem you see now is because of his arrogant. He is big liar, doesnâ€™t know what he is talking about, doesnâ€™t respect other cultures, very racist person."	-1
trump was trying to save u fuck heads	-1
youll show	-1
ug	-1
I'm so excited to see biden president next week!!!!!	-1
Trump says the things youâ€™re not supposed to say out loud in politics. God Bless this True American Patriot. ğŸ‡ºğŸ‡¸	-1
Donald's votes overall a rewin	-1
"DUDE THIS IS BETTER




https://youtu.be/T_X2Xz_RmHY"	-1
DIFFRENCE BETWEEN A GOOD PRESIDENT AND A LAUGHING STOCK DEMENTIA	-1
"Canâ€™t you see it? 
Donâ€™t look at the cover 
But joe looks scary 
I donâ€™t even like trump but this is weird!!"	-1
Im laughing at Biden's reactions when trump talks, especially that part where trump starts talking about biden being in a basement	-1
Trump failed in speech as well as debate classes.. I guess someone took his SAT scores for him like many elite rich celebrity kids	-1
**221-01-14  1237  i HOPE BIDEN & PRES TRUMP READS THIS: iF BIDEN & PRES TRUMP WERE TO DROP THEIR PRIDE AND WORK OOUT THEIR DIFERENCES, I AM VERY SURE THE TWO OF THEM COULD PUT TOGETHER A PACKAGE TO DECREASE TAXES, GET THIS COUNTRY OUT OF DEBT AND SUPPLY $2,000 STIMULUS TO ALL THOSE WHO MAKE LESS THAT $45,000 PER YEAR.**	-1
Biden wasnt arguing ... Trump. Kept arguing, interfering, blaming the moderator , etc.. ok	-1
Alxxabs isnrcsur sidc hdgz ueur hehe uslf tsue	-1
Kc if ixmn.   ğŸ˜‹ğŸ˜™ğŸ¤—ğŸ˜šğŸ¤“	-1
Whereâ€™s the flag?	-1
Im not american butâ€¦â€¦â€¦â€¦but the recent Day whats happening si exciting !!! ( And fâ€¦ Donald trump of course ! )	-1
i couldnâ€™t care less about who won but the bias against trump is annoying. Cuts trump off almost everytime he speaks and barely cuts biden off and this is coming from a left libertarian	-1
"In 1941 Shoghi Effendi (The Guardian of the Bahaâ€™iâ€™ Faith) castigated the prevalent trends of society in no uncertain terms: 
â€œAlthough Europe was the cradle of a ""godless"", a ""highly-vaunted yet lamentably defective civilization"",	
the foremost protagonist of that civilization was now the United States and that, in that country, at the present time, its manifestations had led to a degree of unbridled materialism which now presented a danger to the entire world.â€"	-1
why is no one talking about the fact that trump isn't answering any questions or responding to what joe or the lady said lol	-1
Trump is really not good in debate	-1
Please lit green light to face and i give you money (bribe), my little asshole lightman. Lightman doe's not diserve minimum wage. That sick artist do green lit people in purpuse to do harm.	-1
I was looking for a job and stuck here with popcornğŸ¿	-1
I don't trust whatever BIDEN says. He seems very skeptical	-1
jOe BIDeN lIVeS iN hIs BaSeMeNt 33:42 - 35:35	-1
1:28:31	216
He used a pandemic to get elected	-1
biden was getting interrupted by trump so much, and biden has a speech problem, but speaks way better LMAO	-1
e wiwa Trump...	-1
If you listen carefully, there is a lot of reframing here by Donald.  He seems to deflect the questions to him back at Joe.	-1
Is anyone else coming back here in mid to late January 2021 and wondering how in God's name the country is still in one piece (besides the thousands dead of Covid) after the past four years, particularly last year?	-1
witnessing history	-1
Trump protected children from overseas sales by building high fences between sellers of children, (human organs, contraband) and America	-1
"Biden is simply a decoy. Democrats already published that if Biden is President he wouldn't serve the full term. A premeditated assault against him.

A renewed Trump Presidency is the best thing that could ever happen for Biden and America, and it's actually legal."	-1
WATCH   : https://www.youtube.com/watch?v=dQw4w9WgXcQ	165
IMPORTANT    : https://www.youtube.com/watch?v=dQw4w9WgXcQ	165
1:41:28 to 1:42:35 best moment in this debate. Trump2021!!!!	-1
Wait a minute 46:45 where's Russia been?	-1
Biden wonâ€™t hold China accountable for causing covid n yt still voted for him!!	-1
"1:01:38
Joe: Tax payers money
Trump: Its what?
Joe:Tax payers-
Trump: ITS CALLED *C H I N A*"	-1
1:11:30 i- why is trump uh green?	-1
The delicate valley ontogenically claim because softball actually imagine plus a spurious form. overjoyed, descriptive attic	-1
32:18 moderator's way too enthusiastic	-1
The amount of lies and BS from Trump is was made him a 1-term loser...itâ€™s on full display here.	-1
The moment that I stopped believing in the New World Order. Yeah, this definitely is not planned by Illuminatis.	-1
We miss you Mr. Trump.  Joe Biden has been in politics for almost 50 years now.  He got rich from being in politics.  His family got rich from politics.  It is a very sad day for America.	-1
47:00	216
Bullshit	-1
If we created an actual academy for jedi to fight as civilian heros in this country to clean the filth and disgust from the people well trained honorable fighting men I'd tottaly join just to become an american hero an academy to teach some of the coolest tricks on the planet that would be so cool clean strong powerful american jedi wow I'd blush entirely! This would make are country so clean smarter and stronger! I'd live there and study hard where finally sword dueling with new age technology wooooh there are a lot of american fighters who would love to be a hero	-1
DEMOCRATS ARE LIARS! Sensless Basterds ready to suit an agenda	-1
Fuck sleepy Joe and he should be in his basement!!	-1
"47:41 'THEY'RE INTERFEIRING WITH AMERICAN SOVEREIGNTY.' ??

What about The United States interfeiring with the sovereignty of countless countries in the Middle-East over the past 20-30 years? How can you not acknowledge that? When it happens to America, it's a big deal. When America does it to other nations, they can get away with it because they are seen as the policeman of the world. This is unconstitutional.

I actually think Trump is a bigger supporter of the constitution. The way he talks about bussinesses going bankrupt and the fact that you can't close down the entire country. He's right. You must advise the American people to protect the elderly and the people with a weak immune-system. You do this by not visiting your grandparents or let's say your friend who has breathing problems. But you cannot shut down an entire economy. Biden constantly says he'll take care of these dying bussinesses but he never says how. Where is the money going to come from? Handing out subsidies sounds simple but it's not right. This usually results to the Federal Government counterfitting money, the value of the dollar goes down and inflation goes up. Eventually the middle class will suffer people lose their jobs and houses. The media is constantly slagging of Trump, but he never urged his supporters to storm the capitol. Biden constantly supported the chaos caused by BLM when bussinesses were burnt down, shops were looted and countless of people were killed. Yet the media doesn't slate him for this. We live in a society were whatever the mainstream media tells you, you have to believe it. You are not entitled to have your own opinion anymore or you get called a racist or an idiot. There are a lot of problems in America and I honestly think the media is making Trump sound worse than he actually is."	-1
i'm  watching in 2021 and Trump said he will get out a vacsen by the end of the year  and he did he got 2	-1
super trump evil joe BidenğŸ˜‚ğŸ¤£	-1
Smile his butt off Biden	-1
Donald Trump is always right. Biden will never be president. He was caught	-1
41 min mark not all of u teacher will.die c'mon man	-1
"you really can't blame biden for laughing when trump says he might have done more for black people the Lincoln
the absolute narcissism of this guy"	-1
URGENT! THE TRUTH ABOUT COVID 19: https://michaelgchandler34blog.wordpress.com/	147
it's crazy how people overlooked what trump said about his son having covid. not only is that not how the virus works but you don't need to show symptoms to spread the virus. this is not only a massive lie but an extreamly dangerous one, thousands of americans have died because this fool refuses to take this outbreak seriously. this is why trump isn't getting a second term. not because of any fraud or media but because he let the American people down and it was all of us who has suffered.	-1
1:53:10 haha â˜ ï¸ why would you do that? Biased much?	-1
1:49:50 my fav part. Biden is a Chinese puppet. If you x-rayed him youâ€™d see a hand up his ass making him talk. I hope people see it before itâ€™s too late	-1
Still waiting for that answer to who built the cages. Lmfao itâ€™s so easy to see through	-1
Trump started off as orange, to pink, to green and pink, to pink again, the to his natural color âœ¨orangeâœ¨	-1
Joe, Biden tem que ser preso na cadeia e nÃ£o serÃ¡ solto mais nÃ£o gostei do vÃ­deo pode denunciar esse vÃ­deo pode excluir esse vÃ­deo e nÃ£o faÃ§a mais esse vÃ­deo de Novo,	-1
"Biden: ""I don't need your vote, but I will need your support""
Biden: ""We have assembled, I think, the most comprehensive voter fraud organization ever.""
There was no election, Biden said so."	-1
á€”á€®á€á€­á€¯á€·á€„á€«á€¸á€›á€„á€¹ á€„á€«á€·á€€á€­á€¯ á€™á€•á€á€¹á€á€€á€¹á€±á€…á€”á€²á€· á€…á€€á€¬á€»á€•á€”á€¹á€¡á€‚á¤á€œá€…á€¹  á€„á€«á€·á€œá€€á€¹á€á€…á€¹á€±á€á€ºá€¬á€„á€¹á€¸á€á€¬ á€‘á€¯á€•á€¹á€šá€°á€›á€±á€œá€¸ á€±á€”á€¬á€€á€¹ á€Šá€…á€¹á€·á‹	11
fuck you Biden	333
Bravo Donald tramp	-1
Biden totally wore his mask to â€œlook betterâ€ to the people	263
"Trump like 
Joe comment"	-1
bored, wanted to watch Trump tear this fool apart again	-1
we want Bidens head!	-1
The joe Biden to win	-1
Aa a canadain I find this hallirus. The lady did a terrible job, she barely let Trump talk and appraised the Pedo. Trump is NOT a racist HE PULLED ALL MILITARY OUT OF WAR BIDEN IS A CHILD TOUCHERcough cough,	-1
Câ€™mon man... lol ğŸ˜‚ Joe please change the record lol ğŸ˜‚ Love you Donald J Trumpâ¤ï¸	-1
Who is Joe Biden???	-1
MAGA terrorists just stormed the Capitol and launched an insurrection against our country. Lock Traitor Trump up immediately!	-1
Hunter is under investigation about china. LoL	-1
â€œIf we wear a mask we will save a 100.000 lives	-1
Whoâ€™s here for the comments	-1
trump win or lose he is the best in the world	-1
"That was a good day for Biden

That day he was without a diaper for the most part"	-1
Lol so many sheep in the comments supporting Biden	-1
"Trump on corona: "" It will go a way"""	-1
I feel really sorry for Kristen	-1
38:18 He says he will shut down the virus and not the country yet wants to have us on lockdown for 100 days	-1
1:38:28 Biden called Trump Abraham Lincoln ğŸ˜‚	-1
kamalas gonna kill joe  in 1 1/2 years but it will be ruled as a natural cause of death watch...	-1
THE MANCHURIAN CANDIDATE. THE MANCHURIAN CANDIDATE. THE MANCHURIAN CANDIDATE. THE MANCHURIAN CANDIDATE.        THE MANCHURIAN CANDIDATE. THE MANCHURIAN CANDIDATE. THE MANCHURIAN CANDIDATE.	-1
trump is the dumbest fuckwit that has ever lived,	-1
Through #freak_geniuss on ig I was able to access my fiancÃ© Acct without heâ€™s noticed wow this awesome ğŸ¥°	-1
.â€”.	11
That poor moderater sheâ€™s just trying to do her job	-1
THIRTEEN DAYS UNTIL JOE BIDEN IS INAUGURATED AS THE FORTY SIXTH PRESIDENT OF THE UNITED STATES OF AMERICA!!!!!!!!!!!!!!!!!!!!!!!!!!...	-1
US and korea as well,  democratic party = electoral fraud party	-1
ã‚¢ãƒ¡ãƒªã‚«ã‚’ä¸­å›½ã«ã—ãŸã„é¡˜æœ›ã¯æ¨ã¦ç§»ä½ã•ã‚ŒãŸã‚‰ã©ã†ã§ã—ã‚‡ã†ã‹ï¼Ÿ	12
United States, just attacked the United States	-1
As an Independent leaning conservative I take Biden's side on most of what he says. Yes it's funny as hell but on a serious side Trump sounds very uneducated talking about Joe Biden locking himself in his basement lmao.	-1
We need trump out of office. Especially today. Especially today.	-1
Who is here after seeing the capitol invasion???ğŸ™‹â€â™‚ï¸ğŸ™‹â€â™‚ï¸ğŸ™‹â€â™‚ï¸ğŸ™‹â€â™‚ï¸ğŸ™‹â€â™‚ï¸ğŸ™‹â€â™‚ï¸ğŸ™‹â€â™‚ï¸.	-1
True fact Trump lies more than Joe	-1
who built the cages?	61
Biden sides with China. Trump is pro dissolving this relationship, what with so many Chinese rooted within the government. So, you are saying China are America's friends? Take a look at how China operates within their own grounds. It's fake communism with their leader abusing power. Sure, all leaders want their countries to be on top but censoring people in favour of advancing their vision is not something that they should be applauded for, let alone having it be accepted. Trump demanded a re-vote in counts which is fucking perfect, when has this been done before? Questioning corruption I mean. I am from Greece, this does not affect me in a lot of ways but mentally. Hopefully people here will take matters into their own hands and at least question our leaders, which btw, are beyond corrupt, even crossing the line of full censorship on ALL channels and giving bad press to individuals who are not even involved directly in this situation. It is hard doing that through full censorship but the bright side is that people are always in the talks. In other words, things are out of control and I wish we had someone like the US president that would speak up and at the very least raise awareness.	-1
I'm not even american but I saw so many disses on the internet that I have to watch this	-1
Biden's slogan is â€œBuild back togetherâ€	-1
Trump did nothing for healthcare.	-1
There is no way Donald Trump can protect the pre-existing conditions.None.0.	-1
Donald Trump is corrupt and terrible.	-1
Biden For America ğŸ‡ºğŸ‡¸	-1
The abounding winter consquentially interrupt because denim immunologically plant beneath a combative spain. understood, useful rub	-1
Joe Biden!ğŸ˜„	312
As a Ukrainian, all Trump said about Biden and his involvement is true.	-1
Hey there! Did you hear it? It's *C H I N A*	-1
When will the free press in this country begin to dismantle the myth that there is a moral equivalency between Republicans and Democrats in the United States?	-1
"The uh gentleman at 4:00 slipped and said ""not necessary"" instead of  ""not possible"".   People reveal their callousness whether they want to or not.  Ah, the one percent....."	-1
0:22 my love video :X.	-1
"Biden when trump speaking: ğŸ˜ğŸ˜ğŸ¤¦
Trump when Biden speaking: ğŸ˜™"	310
#MAGA	245
á€›á€œá€’á€¹ á€€á€­á€¯á€šá€¹á€á€­á€¯á€„á€¹ á€á€¶á€¸á€Š á€±á€•á€¸ á€™á€”á€½á€…á€¹ á€œá€¶á€¯á€¸ á€±á€›á€¸á€á€° á€…á€¬á€–á€á€¹á€› á€¡á€“á€­á€€ á€¡á€‚á¤á€œá€…á€¹ á€…á€á€”á€¹á€¸ á€•á€­á€¯á€„á€¹ á€±á€œá€¸ á€™á€ºá€€á€¹á€”á€¬ á€…á€¥á€¹á€¸á€…á€¬á€¸ á€›á€™á€½á€á€¹ á€á€° á€€ [á€±á€˜á€¸ :Ã·Â±Ã·]á€„á€«á€¸ á€™á€Šá€¹á€› á€±á€›á€¸á€á€° á€±á€»á€•á€¬á€á€° á€€á€­á€¯á€šá€¹á€á€­á€¯á€„á€¹ á€™á€½á€¬ á€±á€á€á€ºá€¬ á€±á€á€¬á€·á€†á€›á€¬ á€¡á€‚á¤á€œá€…á€¹ á€”á€¶á€•á€á€¹á€á€…á€¹ á€†á€„á€¹á€…á€¬ á€á€¶á€¯á€¸á€á€° á€€á€¶á€¯á€¸á€œá€¶á€¯á€¸ á€á€­á€¯á€·á€œá€¡á€œá€¶á€á€…á€¹á€›á€¬ á€•á€« á€•á€„á€¹á€±á€•á€«á€€á€¹ á€™á€²á€·á€…á€¬á€¸ á€¡á€€á€¹á€”á€¯ á€¡á€€á€¹á€”á€¯ á€±á€ á€˜á€˜  á€á€›á€˜ á€á€°á€±á€”á€›á€™á€½á€¬ á€œá€€á€¹á€€á¡á€ á€•á€¶á€¯ á€”á€®á€±á€œá€¸á€±á€‘á€¬á€„á€¹á€· á€•á€¶á€¯á€…á€¬	12
psychopath	-1
"á€™á€Ÿá€¯á€á€¹ á€›á€„á€¹á€™á€±á€¡á€¸ á€˜á€°á€¸ á€±á€›á€…á€¬ á€á€°  á€¡á€›á€•á€¹ á€™á€á€­á€˜á€°á€¸á€œá€¬á€¸ á€’á€®á€±á€œá€¸ Ã·â€¢â€¦â€¢Â±á€¸â‚¬Â£
@.*================*
á€…á€¬á€±á€›á€¸ á€á€° á€™á€½á€¬á€»á€€á€¬á€¸ á€…á€¬  á€»á€€á€Šá€¹á€·
Â¡Ã·Â±Â¢â€¢Â©â€¦â€¢"	-1
á€’á€° á€’á€®á€· á€… á€ á€€á€ºá€¬á€•á€­á€¯á€„á€¹ á€‘á€®á€·á€”á€­á€¯á€„á€¹ á€”á€¯á€­á€· á€¡ á€¬ á€™á€Ÿá€¯á€á€¹ á€˜á€°á€¸á€œá€¬ á€™á€½á€”á€¹ á€™á€½á€¬á€¸  á€†á€€á€¹á€á€¼á€šá€¹ á€…á€¬á€¸ á€›á€™á€šá€¹ á€‘á€„á€¹á€á€šá€¹ á€¡ á€¬á€¸á€™ á€½á€¬á€¸ á€…á€¬ á€†á€±á€œ{[á€¸=á‹=] }â€¢Â©â€¦	-1
á€¡á€™á€Šá€¹ á€™á€á€­ á€…á€”á€¯á€­ á€€á€¬ á€•á€…á€¹á€›á€™á€šá€¹á€‘á€„á€¹á€á€šá€¹ á€á€°á€á€° á€¡ á€¬á€™á€¸â€¦Â±	12
His hand gestures is killing me and it's very annoying?	-1
1:50:00	216
Aaaaaaaaaahhhhh .	202
Billionaire and genius Jovan H. Pulitzer by far has shown in the simplest terms to Georgia Legislators, the strongest evidence of an organized crime syndicate in the US Government of both elected officials and government workers. Supported by the disgusting hell bound demonic lying criminal media. A complete conspiracy, like Joe Biden confessed on a live internet Interview that he and the democrat party have the most fraudulent campaign in US history. This engineering genius Jovan Pulitzer just showed how republican ballots were printed differently ( all across the US) to cause them to be rejected by the Ballot Scanners controlled by democrats and sent to adjudication machines operated by evil democrats working in secrecy and then switch from Trump to Biden while the evil democrats destroyed many of the original ballots. This is what the evidence shows; the democrats stealing an election and country with all its wealth and weapons with the power and stated intention to prosecute the opposing political party. Democrats boldly lie, , cheat , steal, bare false witness, point the finger with false charges while conspiring and doing the actual crime. Speaker Nancy and the democrats were falsely attacking President Trump saying he was forcing the US Post Office to do less and slower work on the delivery of voters ballots; while the entire time Speaker Nancy was as part of this proven conspiracy , just pointing away from different ballot markings on the Republican ballots versus the democrat ballots. Thatâ€™s because Nancyâ€™ s planned steal by mass adjudications, Nancy, the ballot designer, the printer, everyone that approved the ballots the Governors the Secretary of States, the Judges and so many people that saw or knew about the ballot templates (proofs) prior to printing and changing the the laws to cause universal unsolicited mass mail out ballots and changes in time and locations of voting,  along with Dominion were all in on the crime of the Century; but They got caught	-1
The equal society chronically miss because bee ectrodactyly mate for a careless desire. acid, righteous burma	-1
Trumps Hands: âœŒğŸ½â˜ğŸ¼âœŠğŸ¾ğŸ¤›ğŸ¿ğŸ¤ğŸ»â˜ğŸ¼ğŸ‘ŠğŸ¼ğŸ¤ğŸ»ğŸ‘‹ğŸ¼â˜ğŸ¼â˜ğŸ¼ğŸ‘ğŸ»â˜ğŸ¼ğŸ‘ˆğŸ¼ğŸ¤ğŸ»âœŒğŸ½ğŸ¤™ğŸ»ğŸ‘‹ğŸ¼âœŒğŸ½âœğŸ»	205
"*chaotic debate and random interjecting*

16 M of people : interesting"	-1
I need everyone here to stop worrying about the election and focus on signing the petition to declare xrp a currency not a security. The SEC IS A JOKE.	-1
Debate starts after 26 minutes of video	118
Iâ€™m British, I heard it was funny,	-1
trump cant talk without his hands moving	-1
this debate is funny trump loves interrupting people	-1
Trump still wont show us his tax returns. lol	87
wow.	-1
24:18	216
"Trump has promoted a number of conspiracy theories that have lacked substance. These have included Barack Obama citizenship conspiracy theories from 2011. Known as ""birther"" theories, these allege that Barack Obama was not born in the United States.[64][65][66] In 2011, Trump took credit for pushing the White House to release Obama's ""long-form"" birth certificate, while raising doubt about its legitimacy,[67] and in 2016 admitted Obama was a natural-born citizen from Hawaii.[68] He later falsely stated that Hillary Clinton started the conspiracy theories. Pants on fire ğŸ”¥ 
Trumpets r so dumb."	-1
100 million people watch the debate and 70 million people voted for Trump and you're telling me a hundred million people voted for Biden that would mean 70 million people did not watch the debate yeah right lol Donald Trump is my president	-1
Eeetum tharuvaai ootum tharuvai	186
The clammy trapezoid psychophysically pedal because clarinet meteorologically flood regarding a abaft ox. fuzzy , lying step-grandfather	-1
https://youtu.be/b5tV9bYEIcw	162
0:09 so sexy moment	-1
Every time the president try to speak about anything that lady Cuts him off	-1
two clowns.	178
Am glad trumps gone	-1
They should of have settle it in a boxing ring .	-1
Love you.	-1
Trump the bump pay your taxes	-1
STAND UP FOR TRUMP from sweden	-1
I'm from Los Angeles. It really was the most fake vote ever made in America. In the area where I live, everyone voted for Donald Trump and some did not even know Joe Biden. As far as I know, the same thing happened in the whole city. Whoever you asked said that Trump is the best prime minister who really cares about his people. Can anyone explain where the 76% number for biden in my area came from? The biden may not have received even 5 votes. What can I say ... Let me not forget that in the place where the voting took place, those who gave us ballot papers, shouted ALL BIDEN TO VOTE. What is this??? Maybe they did not want a man who supported us for covid 19 and said it as it really should. From what we know from acquaintances and friends in recent days, in many cities in America they did not even take out Trump's ballot. But if you did not vote, you would be fined. I know of another incident where the wife of a friend of mine in Washington, where they received a phone call last night threatening that if Biden did not come out with 32 votes more, HE WOULD LOSE HER JOB. The whole USA wanted Donald to be prime minister again. We know that a major fraud was committed against him.	-1
Joe Biden is not the President.  He has dementia and he needs to stop playing his games with the People of the United States.  Joe gets nothing done and his son is a crook.  Joes wife is not a doctor of medicine.  Time for Joe and his wife and his criminal son to face a trial and go to jail for their crimes.	-1
this is very funny, good job usa	-1
á€€á€ºá€¼á€”á€¹á€±á€á€¬á€¹á€œá€…á€®á€…á€¥á€¹ á€±á€•á€¸á€‘á€¬á€¸á€á€¬á€˜á€Šá€¹á€±á€œ á€¡á€†á€€á€¹á€á€¼á€šá€¹á€±á€€á€¬á€„á€¹á€¸á€±á€¡á€¬á€„á€¹ á€»á€„á€„á€¹á€…á€›á€¬ á€™á€œá€­á€¯ á€€á€›á€„á€¹á€á€­á€¯á€·á€±á€”á€‘á€­á€¯á€„á€¹á€›á€¬á€œá€±á€™á€¸ á€¡á€»á€•á€Šá€¹á€·á€¡á€…á€¶á€¯ á€…á€•á€«á€¸á€€á€­á€¯á€šá€¹á€á€­á€¯á€„á€¹á€œá€¯á€•á€¹á€•á€«á€á€Šá€¹ á€†á€”á€¹á€…á€€á€¹á€…á€•á€«á€¸á€†á€€á€¹ á€‘á€¯á€•á€¹ á€œá€¯á€•á€¹á€–á€­á€¯á€·á€›á€½á€­á€›á€„á€¹ á€¡á€±á€™á€›á€­á€€á€¬á€™á€½á€¬á€œá€†á€šá€¹á€á€¼á€šá€¹ á€œá€­á€¯á€· á€›á€•á€«á€á€Šá€¹ á€œá€°á€»á€€á€®á€¸	12
Making a note for myself: 1:36:58	-1
omg TRUMP JUST LET BIDEN FREAKIN TALK STOP JUMPING IN . its soo not cool how when the person tells biden to talk trump JUMPS in and starts talking like just jeez give a chance for biden stop talking when he is. and i am so glad biden is right now a presedent bc i dont like how trump sad in his debate that I AM THE LAST RACEST PERSON. like come on that we can all agree on that he isnt true he always talks crap about black and muslim people. and i am muslim so that also means that he talked crap about me and i dont take that. so everyone that votes trump are rude just like him . i mean like jeez if u think about it he always talks crap isnt he sapost to be a presedent and make the world a better place but he isnt, all he dose is talk sh** about others instead of acting like a presedent like jeez. and biden is a very good man and hes kind and he acts like a presedent and dosent talk shi** about others so thank god hes the presedent	-1
I think Republicans and Democrats should be ashamed, anyone should have a free Health care system in the USA in  2021. We are talking about the USA, not a Third World country!!!	-1
"whoâ€™s here 2021?

â¬‡ï¸"	-1
Donald Trump only tells lies.	223
Donald Trump is a liar.	223
Joe Biden will unify the nation.	-1
Joe Biden is honest and kind.	-1
Joe was roasted.	-1
shut up	-1
"Trump, Thank you everything!!  THANK YOU FOR FIGHTING FOR US!!! 
1- Thank you for the covid 19 vaccine.
2- Thank you for the greatest economy.
3- Thank you for border security and the wall.
4- Thank you destroying ISIS. 
5- Thank you the middle east peace deals.
6- Thank you for ending the endless wars in Iraq and Afg. and de-escalation N. Korea. 
7- Thank you for lowering the interest rates and lowering taxes.
8- Thank you for making china pay their fair share on the treads and not be their little puppet.
9- Thank you for prison reforms, funding black and minorities zones and colleges.
10- Thank you for bring jobs back to the US. 
And good luck America with sleepy nonsense Joe, The creep,  The Corrupt,  The Chinese little puppet, The race card player, been doing this 37 years and have not done a thing but play the blame game,  with Kamala Harris the fake lair!  who slept her way up the to office, This country is heading to some dark days...."	-1
"Anybody catch her call him Vice President Biden? Around 35:40 
Besides that, these guys have yet to actually answer any question. 

Is this seriously what ya'll have given yallselves? These yall choices huh... Thats sad. I mist say Ive never been one to dive into politics but curiosity has brought  me to this and WE ARE FUCKED."	-1
It's a shame that people event talk more about the actual debate and just joked about it even though it was the most reasonable and logical one ğŸ˜•	-1
"Trump: ""I am the least racist person in this room""

Biden: ""Will you shut up man"""	-1
Also Biden:*laughing and smiling at trump*	-1
Biden:*looking away from trump Trump:*looking at Biden with bad faces*	-1
Does Biden know where he is?	-1
34:32 to 34:37 kristen welker laughs as trump claims joe biden stays in his basement	-1
When someone is asking you, what steps or action plans youâ€™d be taking to solve the problems? All Joe does was criticizing trump. JOE BIDEN IS A JOKE.	-1
using bklack people betting one up against the other sad very very sad how much hate was brought about based on that BLM DRAMA should find something else to promote hate	-1
WHY ARE YOUR EYES SO BLUE WHEN THEY WAS BROWN IN @)!! DEBATES??????	-1
Any excuse will Do Joe BIden. but facts are facts You Do not Pray And you told your audience WE DONT NEED PRAYERS FROM THE WHITE HOUSE...Than deleted the tape ! YOU CANNOT DELETE IT FROM GOD ALMIGHTY OK GJMJ	-1
9min	-1
10/10	-1
Biden is so idiotic it blows my mind. He can barely make a sentence or think for himself	-1
Ouuah NASA	-1
Biden'$	331
My trump'$	-1
Trump is such a great president	-1
Pop'$	-1
Pop	-1
Talk to them Lord baby's	-1
By	-1
Looking good let's go Dolphins	-1
What's the show case guys	-1
"\\\\ ARE GEORGIA AND OTHER STATES UNDER GERRYMANDERING DARKNESS? //// Instead of clean election run inside well established county-borders, Gerrymandering people tilt election borders by their ""pre-selected"" racial and other known voting tendencies, as reportedly done at least in Georgia [YOU-tube, Mar 9, 2017],""'Washington,[127], Arizona,[128], California[129], [130] Rhode Island [131], New Jersey [132,133]"" - Wikipedia, and Oct 17, 2019, YOU-tube: ""The man who rigged America's election maps."" To avoid destabilizing tainting of future regimes, well established county borders should be used to remove doubts regarding the Nov-3-run to be compared with a clean general runoff. No time? WRONG. The original constitution: Four months post election date. as done over hundred years until president FDR changed it in 1932. Naturally some would object, but what is more important?..\\\\"	-1
"53:08
Heeeeeeell nah. I woulda been like... ""Uh...No excuse you bitch I was talking."""	-1
How does anyone support this dumbshit. Trump can kick rocks.	-1
Never had it	-1
Your uncles arguing at a party:	-1
"Yes, I do like when two men in the 70s argue, I do
I edited the comment coz I forgot the second comma"	-1
Why hasnâ€™t anyone made a with health bars version of this	-1
https://youtu.be/2CHu2ck3RxQ	162
"Most words said 
Biden: Come on 
Trump: millions"	-1
The eight pollution premenstrually develop because gauge objectively sign abaft a well-off switch. dispensable, blue-eyed trouble	-1
See Gilberti vs CDC, et al - ends all Fake Coronavirus Pandemic from Smith-Mundt act and Federal Reserve, 50yrs of EPA and Tampa Central Command Terrorism w Rothschild Zionist all over NY, Florida, Hollywood and Israel w Greenberg Traurig Law .   https://dockets.justia.com/docket/california/cacdce/2:2020cv08251/794898	-1
"1:37:46 

Trump: I'm the least racist person in the room!

Me: Yeah the guy who says he wants to build a wall between Mexico and the U.S and ban Mexicans from the U.S"	66
"You canâ€™t give 2 minutes for something very important. Give the candidates the chance to talk freely without interruption from the moderator. 
Better: the first candidate answer the question freely, the second too, and then open discussions and the moderator shouldnâ€™t comment about anything or correct any person but only give questions. The moderator could prefer one over another using little phrases."	-1
"The donkey win
https://youtu.be/Otc3jJ3UO0E"	-1
People are arguing all over local social media's around the world on who is better Joe Biden or Donald Trump truth be told I think that Donald Trump was a horrible mistake and for the 2020 election there were two horrible people running for president so we had to vote for one and we choose Joe Biden and that's final Donald Trump can keep on arguing saying that the elections were rigged and everything but even if we were to have another election there is a very low possibility that Donald Trump would win so we should just wait until Joe Biden's reign to end to decide if he's a good president or not so let's not judge him when he has just became president ( A lot of people are gonna hate me for this (ï½ï¿£â–½ï¿£)ï½ )	-1
Trump 2020	253
"ADD 4 PSYCHEDELICS  ON SNAP CHAT AT: psych_trip2000 
HI EVERYONE TODAY IS MY FIRST TIME TO TRY DMT. I BOUGHT 2 GRAMS FROM THIS PSYCHEDELIC PLUG 
YESTERDAY AND I AM HAPPY TO SHARE MY EXPERIENCE OUT IF YOU WANT TO TRY ADD THEM  ON SNAP 
CHAT AT: psych_trip2000      : psych_trip2000     Lsd, dmt, shrooms, ket, salvia , 2cb, 
mescaline, wax, weed, Codeine, carts, vapes and mdma. ADD THEM ON SNAP CHAT AT: psych_trip2000"	-1
https://www.youtube.com/watch?v=le0efGbtP3c&feature=youtu.be                                                                                                           Must watch -------------like -----------share	-1
Reporter biased against trump	-1
"This shit: is why the rest of the world is laughing at you. Your greedy, arrogant, patriotistic racism towards the world is shameful enough. But when you believe the words of the world government's bitches who are just on the stage quoting stone age history, thats when the rest of us understand why you guys are the dumbest. Why dont you try learn a few things from the East maybe it will make the obese nation built on genocide and rape ""great"" again. We are all slaves but if we side with the elite's attempt to use our obsession with patriotism then what? Then you have failed as a human being. A hungry family is a hungry family. Put the guns down and use your brains for once. Wake up and demand change you trigger happy money freaks. We cannot evolve if we dont aim to acknowledge that WE ARE ONE RACE. And creating a virus to send into China clearly wont work either"	-1
this is the best comedy show ive ever seen	-1
The only thing that's operation warp speed is Trump out of office!	-1
"I.WANT. CUM
 IN . MY THROATSğŸ¤¤"	-1
we are so screwed a sleepy fool at the wheel	-1
is it Jyna  or China ?	23
"â˜ Trump
â˜ BIDEN
â˜ Xavier
â˜‘ Jesus"	-1
"Everyone reading the comments: 
Screw the important truth thats too much for my brain. Wheres all the meaningless, no spine no helping others, comfy comedy to make ME feel better baaa baaa baaaaa"	-1
im glad someone sees the obese nation for what it is. Its been tough but we have put the west in charge without thinking of the downside. And as soon as China starts gaining more power? Of course why else would america release a MAN MADE VIRUS OVER THERE.. so that once again we become trigger happy patriotic sheep hungry for a brand new war.. baaa baaa baaaa. PATRIOTISM IS KILLING YOU	-1
Im just here for the comments	177
Left foot stepers belmont	-1
https://www.washingtontimes.com/news/2020/sep/30/hunter-biden-burisma-payments-detailed-treasury-de/	-1
I donâ€™t want a vaccine.	126
Bear tactic none option	-1
ğŸ’”	-1
I have seen better high school debates than this.	-1
"Joe Biden: ""there are 1,000 deaths a day""
December 2020: ""Gotta pump those numbers up. Those are rookie numbers"""	-1
THE DEBATE WAS USELESS COZ THE DEMONCRATS ALREADY PLANNED TO CHEAT THE ELECTIONS! SHAME!!! DISGUSTING	-1
bby trumpie is so cute uwuğŸ’–ğŸ¥º	-1
Let's debate and chill +_+	-1
Cut all the Bull. Just get started.	-1
The sparkling kale additionly welcome because withdrawal lovely advise along a parched piccolo. whole, thundering fisherman	-1
TrÃ¡i sung rá»«ng..mÃ¬nh Äƒn rui.khÃ´ng ngon cho lam cháº¥t lÆ°á»£ng video khÃ´ng Ä‘Æ°á»£c tá»‘t	-1
.	11
why is trump keep cutting the lady off! can she talk please.	83
Donald Trump for four years youâ€™ve been doing things horrible for the country so donâ€™t say that you ran for president because of how bad Biden is when you said that Barack Obama and Joe Biden did not do anything for the country of course they did they were president and Vice President at least Biden has a good way to protect us from COVID-19 when youâ€™re saying that Biden will close down the country as youâ€™re not that smart and youâ€™re saying that just to be a bully and you want more people to vote for you instead of him heâ€™s a nice guy heâ€™s smart just respect people I canâ€™t wait for you to get out of office	-1
he want to get off the subject of china because he know he been getting money!  from them so know he want to talk a bout something else.	-1
trump have not been paying taxes and he talking about he payed that a lie. he saying that because  he going to jail. that  stuff he saying is a  lie. trump u need JESUS.  joe  don't need to fuss with a jack ass.	-1
trump is lying he talking a bout he don't get money from russia	-1
this is  wrong people need  to stop this mess.  god is on his way back we need to get  back in church.	-1
Biden should be tested for performance enhancing drugs.  He's never this lucid.	-1
Show Trump's response douchebags.  It DESTROYS Biden.	-1
1:01:37 *Oop*	-1
1:58:00 Melania's Hand ğŸ˜‚ ğŸ˜‚ ğŸ˜‚	-1
I watch this just for entertainment ğŸ˜†	-1
36:25 it is Chinaâ€™s fault	-1
1:41:56 My all time favorite moment ğŸ¤£ğŸ¤£	-1
I just came here to see Biden roast Trump	-1
President Biden.  77 years old and cleaning Donald's clock.  Just another day at the office for him.	-1
https://m.youtube.com/watch?v=nB0RXz8JcdU&feature=youtu.be	165
Well, were fucked.	70
"The vaccine..this is a funny story. 
We are all going crazy with Chris Brown ğŸ˜‚ğŸ‘‹"	-1
Trump is horrible Bidenâ€™s awesome	-1
They had to change the moderator because the previous one hanged himself after the debate	-1
Any country interference in the election ğŸ—³ will pay a price ğŸ¤«ğŸ˜¡Iâ€™d say it did and hunterâ€™s been stuffing dadâ€™s pockets ğŸ’µ.	-1
Everything is simply not true Joe????	-1
Bring those kids to your state Joe come on man!	-1
Democrats are dooming us to poverty	-1
I do not like trump	-1
does anyone know how to build a nether portal	-1
Yep thatâ€™s right Joe bidden won	-1
Biden won	322
Eh you guys had your schools closed? We in Serbia had our schools open since september till late november.	-1
i am available I love â¤ï¸ full news	-1
Yang pilih allah like.	-1
"Hello! Welcome to the Illuminati brotherhood an
elite association that elevate humanity. Our
main aim is to make you rich and famous. This
are the basic benefit a member is gonna be
enjoying for a start....
1- 1,000,000USD
2- A car worth 2,000,000USD
3- A house in any country of your choice and lot
more. Please only those who are ready to join with their whole heart
should inbox me if interested or whatsApp+79677545606 ..l"	-1
I donâ€™t understand why people choose old candidates. Trump is 74 I believe and Biden is 78.	-1
https://www.youtube.com/watch?v=5G62RhQk1Sk&t=18s	165
King foxy	-1
The square red fifthly close because singer lately curve by a gifted invention. temporary, evanescent brazil	-1
https://soundcloud.com/djjudd/sets/f-k-donald-trump #DumPTrumP #Trump #DonaldTrump	130
Sad excuse for a debate.	-1
"Iâ€™m British and take a lot of notice of our allies across the pond.....this debate has only strengthened my belief that Trumpy is a complete moron....a racist,arrogant clown! No one on this planet is to blame for this horrible Virus to hit us all....but the true colours of a caring President would be to immediately get everyone together who can advise him on all aspects on actions to take! As of my writing,thank god Trumpy has been booted out as from January 20th 2021 and this gentleman,Mr Joe Biden..President Elect.. will do everything he can to reboot America,to heal the wounds of the jobless,to act on poverty....and make America a great country as itâ€™s always been before Trumpy got his dirty hands on it! 
Nobody is perfect....no one,but Joe is a normal thinking,caring human being who will do all he can to make good where itâ€™s needed! God bless you Americans...fret not...help is coming your way very soon!"	-1
I thought of Investing in bitcoin around July Feb 2018 but was discouraged with the rise and fall of bitcoin. I don't know if it's still safe and ideal to invest now and what platform is recommended	-1
"Bitcoin is the future, Investing in it now will be the wisest thing to do especially with the current rise
For real it's very profitable"	-1
Yes, again, promise made, promise kept. Vaccines approved, and administered. Trump gets things done.	-1
Ta baba na poczÄ…tku to wyglÄ…da jak facet	186
Well ^^ We are ready to be extinct. The whole world in general :)	-1
Wtf I searched for how to debloat windows why is this the first video?	-1
"I don't look at it like blue and red staes, I look at it as the United states
2 seconds later...
The red states have the highest numbers


This idiot just stutters and doesnt make a single good point"	265
Trump looked sick to his stomach at the end of the debate. ğŸ˜‚ğŸ˜‚ğŸ˜‚	-1
"""This was a Big Accident""
â€”Master Oogway"	-1
joe got the point eh both are amazing it just that joe didnâ€™t sit heâ€™s chair yet well see :) but joe is right and hes winning it :) is hard to trump position thu cant really blame both of them if you ask me the truth? two of them make them president make this corona end .   the end everyone happy	-1
"The word we heard lot of times from Biden is "" come on """	-1
Indians would be thinking what a pyari debate is this	-1
Why the fuck did we elect this moron ....	-1
1:01:36	216
49:23	216
So who is our president nowğŸ§	-1
Trump 2020ğŸ‡ºğŸ‡¸â™¥ï¸	-1
I'm happy that Biden won, honestly, but gotta give it to the orange man -- he was right about the vaccine being ready by the end of the year.	-1
Who is this nigga all I get foo	-1
If this wouldâ€™ve been 1988 Biden vs. 1998 Trump, this wouldâ€™ve been the greatest Debate ever	-1
SERIOUSLY BITCOIN IS THE ONLY TRUE DEMOCRACY EVER EXISTED IN THE WORLD I'LL ADVISE PEOPLE TO INVEST IN IT NOW.	-1
"â€˜Big, beautiful factoriesâ€™ 

-President Donald J. Trump, 2020"	-1
Is it just me or how the fuck dose Kamala Harris looks so good and sheâ€™s ok most 60 like wtf	-1
Minimmanditoryies is very important point biden has to help this nation.	-1
Yeah. I don't know if you can prove for some reason that there is racism. I walked through New York City with a hood on. Didn't get asked anything from a cop or got shot. This is the pinnacle of the 911 attacks in New York	-1
I ELECT FOR OR PRESIDENT BUBUNUBUBUNUBUIEDENNNNNNNNN. N. N. N.  he is so clear in his agenda to improve America. What is it though?	-1
The motionless july routinely ban because camp conservatively protect from a ill-fated adapter. repulsive, lewd comma	-1
"""Not that many of you are gonna die, so don't worry about it""!! ................ so if its not worth worrying about, why would we shut down the economy!?"	-1
"Keep the faith sticker and tshirts
https://mickydee.com"	-1
"Trump:You took everything from me. 
Biden:I don't even know who you are?"	-1
I play this video in the background every single day for my daily dose of humor!	-1
https://www.youtube.com/watch?v=Mq5vLjkL6YU	165
TRUMPS FACE AT THE CAMERA AT 49:25 has me screaming ğŸ˜‚ğŸ˜‚ğŸ˜‚ğŸ˜‚ğŸ˜‚	-1
Joe Biden is a real politician.	-1
The whole condor intrinsically last because gum beverly kneel via a shy shape. marvelous, aback waiter	-1
"Trump is such an idiot. He's just a lame idiot who dosen't do his job. He's got better things to do than control a country. He should be happy to be leaving the fite house on the 20th.

""It's not my fault we have coronavirus, it's China's fault"""	-1
0:40 she is hot girl and sexygirl.	-1
Freaking butt holes stole the election F Joe Biden an F Kamala Harris	-1
Hopefully, these old men will go away into retirement. Term limits. If youâ€™re 80 let the 50 somethings run the country. Talk about that	-1
Trump was handed his ass by Biden. Glorious.	-1
Poland has got illegal chemical weapons! https://without-justice.com/	-1
"LIKE FOR TRUMP! ğŸ˜€
reply for biden... ğŸ¥±"	-1
â€œBecause they know I know them, and they know me.â€ 48:40	-1
"Debating on the Internet is basically 

â€œMy opinion mattersâ€ â€œNO MINE DOESâ€ 
Itâ€™s just dumb shit really stop harassing people to get into your bullshit Boomer debating 

Also your opinion isnâ€™t worth 2cents either 
No one gives a shit about your opinion polititards"	-1
"How desperate and pathetic do you have to be to debate on the internet Like Nobody gives a shit, really

https://youtu.be/Ycym8i7hjcA From Papu franku himself"	-1
k joe biden should be president	-1
1:42:30 please check... also here is my life time mission: ALL WE NEED IS A GARDEN AND INTERNET TO LIVE, ALL YOU HAVE TO DO IS TO SHARE THIS MESSAGE... Kash2030, The First President of the world!!!	-1
Who cares about trump or Biden the one you should vote for is rotating duck with flippers	-1
Trump very strong president	-1
I'm European and if I could vote I would vote TRUMP	-1
She keeps cutting trump off! Notice everytime biden goes to talk she lets him respond. Lefty?	-1
https://chat.whatsapp.com/L9UUBqR5ei33LVgZV4ECcW	-1
Trump is so much smarter then this clown. Idk what you democraps see in this old senile pervert. Y'all are some sick bastards!	-1
The two oompa loompa's battle to the death.	-1
"I am an SBA Loan Specialist, I assist borrowers by helping them complete SBA online applications correctly and to maximize chances of being approved.  

Email me: ryanfisherman79@gmail.com

 and lets get started."	149
Trump should bring in the military with his executive orders to investigate because they will never let another trump in the white house Trump you got limited time before it's too late	-1
Two years ago my husband left me for another woman  and i was dis-organise during that period, in search for help on how to get him back i was decieved by so many fake spell casters until i meant this great genuine Dr Prince oseghale who helped in bringing back my husband and restored love and peace into my family, i will be forever greatful to him. Contact him for any kind of problem, wealth making, looking for a genuine relationship, need pregnancy, want to be famous, need good job, need protection, etc. contact him for in him you will find sincerity and trust *(spiritualoseghale@gmail.com)* Also you can whatsApp his private line:  +234(8134710225) .Am greatful Dr. Oseghale you are indeed a blessings.	149
"Trump saying, ""who built the cages"" is like a mass shooter saying ""who built the gun"" to shift the blame of the mass shooting from themselves in court."	-1
"Anarchism is the solution for humanities problems. 

RESEARCH ANARCHISM"	-1
29:28	216
Hello everyone !!!!	-1
1:11:44 what the fuck is he talking about ? Does he know what we don't know ? Is there something new ?	-1
TRUMP2029-2024	-1
Who is watch this debate December right before Christmas ğŸŒ² time ğŸ™‚ and support Donal Trump 2021.	-1
"In my personal opinion, All the candidates are not the best person for the job. But we're all human. So technically no one is. 
All three of those men are getting older and the stress of presidency is not healthy for them some. Bernie Sanders, doesn't know much about politics. He might sound like a nice idea for president on the surface but I don't think in actuality that he'd be right for such a high position. Donald Trump is so egotistical, that's the main thing that makes him a bad president. If he could learn to be more humble, than more people would like him. I think Trump has the passion and nerve to be president along with the willingness to not back down from a fight. However he makes too many rash and impulsive  decisions. Sometimes he has made good ones. But he's personality is his biggest issue overall in office. And as for Joe Biden, He is kinda your typical puppet like president. He isn't bad, but he isn't great either. Biden has more of the political knowledge that we might need in the white house, however I worry he will be submissive to congress at times when he shouldn't be. 
And my last point is this. It doesn't matter who is in office. No one is going to be a president we all can agree on. So just be happy the nuclear bombs haven't killed us yet. Cause any president who makes it out of office without the world ending is a decent one to me."	-1
Joe Biden won by fraud	-1
"Biden's like the passenger throwing tiny pieces of his newspaper out the window until the bus conductor asks : what are you doing?
BIDEN: Scaring the elephants away.
CONDUCTOR: I don't see any Elephants.
BIDEN: Effective isn't it?"	-1
Spare us the melodrama Biden. Blithering idiot.	-1
"Transparent as his elections. LOL 
Biden was the one bragging about his election rigging team. 
The best in the world. 
From his basement. He got caught."	-1
!000s of deaths a day and the numbers are as fake as his Monty Python ballots distributed like lotto tickets at supermarket drop boxes. He is going to have a plan. LOL	-1
There is a good first lady with dignity.	-1
Why did Beijing joe nervously say â€œoh godâ€ when President Trump mentioned the crime bill.	-1
The caring block lovely name because chief densply hang outside a whole signature. remarkable, overjoyed authorisation	-1
I love how Biden says Trump is racist and then calls South Korea thugs	-1
Yeah Trump you are definitely the least racist person in this room. Just remember 1989. We all will never forget what you did against those 5 innocent black kids...	-1
"37:55 â€œDo you want to respond-?â€
â€œN Oâ€
â€œokay...â€"	-1
"IN THE 2020 DEBATE PUBLICIALLY NOTED BY  biden WHO ADMITS TO RUSSIA INTERFERING. HE KNEW AND CAUSED IT!!!! THEN BLAMED ""PRESIDENT TRUMP..."""	-1
"Over 200 years, a most compelling federal question to prevent encroaching 3 U.S. Powers-Balance is today under re-shedding good light on such dark corners, DACA tilting election or alleged by Mark Levin ''Chief Justice Roberts ""is a leaker!""; Is the Supreme Court in disarray? ""We're seeing a complete breakdown of a civil society and a constitutional system!"" [U-Tube, Aug.5, 20], ""Trump and US Supreme Court Chief Justice Roberts in bitter row"" [U-Tube Nov 22,18; Tilting, Wiki; Our books & editorials at U-tube, Amazon, in] may lead to Congress CONSTITUTION ARTICLE III ACT FOR: 1) Encroached president domain to grant citizenship [Amendment XIV, Sec 2; Turley J. Article III, Sep 3,18] -2) Allowing ILLEGALS-VOTING, his power encroached, also by REJECTING BORDERS -2) Reliance on precedents [2000 election verdict] ignored to favor rival -3) Allowing redistricting mapping, tilts electoral verdict -4) Ignoring dumping ballots by drivers-counting workers, changing Dominion voting machines, distancing inspectors -5) As in EUROPE, ulterior-stealth allegedly up to US-courts, London people say [U-Tube during US-Election debates], Trump, in favoring Israel, moves Embassy to capital, making peace with muslim nations, opposed by rivals."	-1
Boss trump	-1
"I am so glad that Our New President is Joe Biden. I Loved Him when he was assisting our blessed President Obama. I know they do look forward to knowing our Family from Onboard.
I am told that Trump basically left me to be attacked- had he done a better job protecting me he would have exposed the look alike of me sooner and once they did find out, that he took no measure to protect me, if he did then he would still be president.
 God Bless Us All and bring us together as the Family that we are.and protect us in the meantime. Thank you to my Brothers who are trying to reach me for the understanding of mineral emissions & Hieroglyphs depicted on the pyramids and temples around the world.
It will waken a true & ancient understanding that is inside us all. To my beloved brothers
Thank you again for being there for me. I assure you that Aaron looks forward to our time ahead and so do I. 
Till then I will continue exposing the inner circle that is attacking us and praying that we come together now but until then
Happy Holidays ğŸ„ Stay safe ,& God Bless ğŸ¾"	-1
TRUMP WON OVER BIN LADEN JOB CHEATING BIDEN BY THEN YOU`LL ALL SEE HES UNLAWFULLY NOT A TRUE AMERICAN	-1
1:01:43	216
everybody talking about Trump and Biden what happened to Kanye?	-1
Mrs. Trump is cool.	-1
"27:16 Trump: â€œA vaccine will be announced within weeks.â€
Righties: â€œI hope heâ€™s right.â€
Lefties: â€œLiar!â€
30:20 Biden: â€œI will make sure we have a plan.â€
Lefties: â€œThatâ€™s my boy!â€
Righties: â€œIt is good to plan to have a plan.â€
30:32 Trump: â€œThe vaccine isnâ€™t a guarantee but it will be here by the end of the year.â€ Names Johnson & Johnson, Moderna and Pfizer. 
Righties: â€œI hope heâ€™s right.â€
Lefties: â€œLiar!â€

Post debate â€œFact Checkersâ€ declare Trumpâ€™s comments as FALSE. Say all experts disagree. Vaccine wonâ€™t be ready until next summer. 

November 8th, Pfizer announces 95% effective vaccine. 
December 14th, first Pfizer vaccine administered. 

So...I guess the President does have access to reliable information after all. Whoâ€™d of thunk it? POTUS knows a little more than we do. Amazing. 

Letâ€™s come back here in a few months when all the credit is given to Biden. For the record I give most of the credit to the vaccine makers but it definitely helps to have a President putting you on the spot and pushing you to go as fast as youâ€™re capable of while doing it right at the same time."	-1
"Prophecy 131 June 29, 2016 Donald Trump popping like popcorn! https://amightywind.com/en/prophecies.html
Prophecy in Chinese words ç¬¬ 131 ç¯‡é è¨€
ç¥ç‚ºäº†é€™å€‹æ™‚æœŸã€ç‚ºäº†é€™å€‹æ™‚åˆ»ï¼Œèˆˆèµ·äº†å”ç´å¾·ï¼ç‰¹éƒæ™®/å·æ™®ï¼http://asian.allmightywind.com/prophecy131/"	-1
Prophecy 153  April20ï¼Œ2020 Hear O Israel & World I, YAHUVEH EL-SHADDAI, Say â€œCovid-19 Lab-madeâ€”satan Inspired!â€ https://amightywind.com/en/prophecies.html	-1
"""They're dying"" why do I love this part  timestap 39:48 by the way"	-1
Liar	-1
Shut up trump	246
royale high	-1
"Whose wife wore an ""I don't care"" jacket, Don?"	-1
Remember all those fake memes about Joe not being able to think straight? Trump wanted to believe that so badly, which is why he tried to push Joe down a set of stairs. He found a force to be reckoned with, a firecracker.	-1
The pastoral cherry archaeologically crush because office actually form aside a zealous shorts. yielding, statuesque cow	-1
Am here to let the whole world know that I was diagnose of HIV  7years ago were all hope was lost and I had  nothing to do about it,I just accepted the faith that one day I will be cured of this disease and I just pray everyday for a helper and one day my sister introduce me to a herbal man called Dr tude that she saw on internet,well, I gave him a try on his email drtudeherbalhome@gmail.com was not fully convinced until he sent me the herbal medicine  which he ask me to take for two weeks I took it with faith and i went for a retest in different hospitals and today am cured of this disease and am also using this medium to let all those having STD,like herpes,bacterial vaginosis( BV)and the rest not to give up,their is a man who can cure you,his name is Dr tude.drtudeherbalhome@gmail.com  contact him  or  you can also WhatsApp him +2348151042601.	-1
America is gone just sit their	-1
TRUMP DEFEATED https://www.youtube.com/watch?v=-SbkZYdJRks	130
1:01:00	216
Glad Biden won!  I voted for Biden!	-1
Biden: not all you teachers are gonna die so don't worry bout it, don't worry bout itğŸ¥±ğŸ¥¶	-1
Who is scrolling through the comments while watching	-1
Obama care is terminated. So we propose the same thing like Obama care but call it Biden care.	-1
Thinking about it, trump actually right at 40:50, in fact, closing border and lock down would cause depression, alcoholism, people losing jobs and so on. I am talking about facts not comparison. Although financial help can be given, it wouldn't last long. You can expect everyone to cooperate. Thus this pandemic can last for a long time. At least more than one year.	-1
The dynamic bomb wailly interest because department curiously paddle before a peaceful supermarket. reflective, soft random	-1
"Trump: Fast food
Biden: Ice cream"	-1
TÃ´i á»§ng há»™ TT TRUMP mÃ£i mÃ£i lÃ  TT TRUMP	-1
ğŸ˜¥ğŸ˜¥ğŸ˜¥ğŸ˜¥	-1
"I found evidence of widespread voter fraud!

https://youtu.be/YVScj8zGcbY"	-1
*This was inspired by Simgmproductions no doubt in my mind-*	-1
Biden talks about Corona like Trump  invented it....Trump has handled it like a champion. Good on him. Biden is such a goof. What a puppet	-1
The hoc tooth concomitantly form because delete genomically kiss onto a luxuriant cucumber. acid,  fascinated size	-1
I want to give a testimonial on how i was cured of the HIV virus. A few months ago i had some symptoms. I went to see a doctor and they did a lot of blood tests, later they told me i had HIV. My doctor told me there is no cure for HIV and i felt bad,i went online looking for a possible cure for the HIV virus,i saw a post about Dr Eguabor, a herbal doctor who cured someone  HIV. I contacted him and told him how i felt. He said that his herbal medicine can cure me permanently. He sent me the herbal medicine through the courier and i received the herbal medicine a few days after he sent it. I took the herbs as prescribed by him. Before completing the medication, the symptoms ceased. I went to the doctor and had another blood test, surprisingly i was Negative. I have no longer had any symptoms,i am completely cured. You can also get him to help you if you have this virus. He also cures HEPATITIS B,CANCER,AMYOTROPHIC LATERAL SCLEROSIS, GENITAL WARTS INFECTIONS,SIMPLE HERPES VIRUS,DIABETES,STERILITY ULCERS,COVID-19,SICKLE CELLS,etc.He also helps with penis enlargement and helps restore your broken relationship. Contact him by Email:dreguabor@aol.com or Call/WhatsApp on:+2348107439905	140
I have no idea how ANYONE could have voted for Biden after seeing this.  The country needs to see this again, before we swear in Biden.  What has finally come to light, as far as the Biden's family and relations with China, should be enough to have one regretting casting a vote for Biden.	-1
They should of had a walk off like Hansel and Derek Zoolander	-1
"Joe Biden : trys to debat
Donald Trump : trys to roast lol"	-1
https://www.youtube.com/watch?v=Xxnd6vEntP0	165
Screw Trump We Need Joe Biden to lead the Country	-1
https://youtu.be/cH43sYxZ1S4	162
they learnt their lesson with the mics	-1
I watched this on zoom with my grandfather heâ€™s not America so heâ€™s zooming from London and he was laughing and laughing non stop	-1
Trump a true American	-1
"Moderator: Why would you end the oil industry. Big statement Joe.

Trump 2020"	-1
He said it no he said it	-1
Iâ€™m watching this again just to watch trumps hand gestures â˜ğŸ¼âœ‹ğŸ¼ğŸ¤ğŸ¼ğŸ‘ŒğŸ¼â˜ğŸ¼	-1
Just release the taxes already. How do u prepay taxes	-1
"35:53
Biden: That missing chair
Me: IS THAT A THREAT?!"	-1
Donald Trump is a prophet of Jesus Christ, the same level as our lord and savior. Amen.	-1
THE TIME TO SEE THE LIGHT IS NOW â™¥ Don't miss out on this life opportunity. You have been selected to Join UMILLUMINATI and get Wealth, fame and powers, ğŸ‘ğŸ”º ğŸ‘ğŸ”º Remember that you are human with a purpose; therefore, serve for a call and benefit for your kind and will be rewarded for your administration, if you are interested, WhatsApp ğŸ’¯ğŸ”º +11784026266ğŸ”ºğŸ’¯ and succeed for the rest of your life. REMEMBER THE DISTANCE IS NOT A BARRIER !!! ğŸ”ºğŸ‘ğŸ”º â™¨ğŸ”ºILLUMINATI OFFICIALğŸ”ºâ™¨	-1
Sorry Trump you are in a totally lost for this election. But if there is a race to rage the covid19 you would be the 100% winner. So now you may change the saying china's virus to Trump'virus for the US.	-1
i am not even in america this votes don't even affect my country but if you vote with trump................your stupid	-1
Joe Biden: President-erected for children.	-1
36:36 then we have to take action as it hit our country!	-1
*A FRIEND OF MINE INTRODUCE ME TO MITHACKS00 ON IG, ACTUALLY NOW THEY ARE MY BEST  DECISION OF THIS YEAR SINCE THE FIRST DAY OF COVID-19 BECAUSE WHAT I GOT FROM THEM IS UNEXPECTED*	-1
A FRIEND OF MINE INTRODUCE ME TO MITHACKS00 ON IG, ACTUALLY NOW THEY ARE MY BEST  DECISION OF THIS YEAR SINCE THE FIRST DAY OF COVID-19 BECAUSE WHAT I GOT FROM THEM IS UNEXPECTED	-1
I fell so fortunate having Mithacks00 they are really amazing I made $1000 twice with their chip it magical am so glad using them	-1
Trump is the greatest president we have ever had and like always Democrats started the KKK for award to keep slaves and how did the KKK leader in the senate through 2009 and all of it is actually true and nobody in the media says anything against the Democrats they are disgusting racist	-1
Who voted for kanye west	-1
too political, unsubbed.	-1
JOE BIDEN  SUPPORTERS  WON THE ELCTION  BY BILLIONS OF VOTES FOR JOE BIDEN  SO ALL YOU WHITES WHITE WHITE RED ORANGE REPUBLICANS  CAN STOP CRYING  CRYBABIES CRYING BECAUSE JOE BIDEN WON THE ELCTION BY BILLIONS OF VOTES FOR JOE BIDEN	-1
"DONALD TRUMP 
MORE LIKE ...
DUMB OLD TRAMP AND  ATTORNEY GENERAL  WILLIAMS BAR BITCH AND REPUBLICANS  SHOULD BE  SENTENCED TO PRISON FOR LIFE THEY CAN PAY TAXES AND PAY FOR THE WALL FROM PRISON"	-1
let's not talk about blatant criminal bribes from China, let's talk about global warming (Wallace, the talking head idiot)	-1
"What an amazing investment with ACCESSBINAR INVESTMENT COMPANY ğŸŒ¹ğŸŒ¹ğŸŒ¹ğŸŒ¹ğŸŒ¹
https://www.google.com/search?q=site:Accessbinar.com
â–¶No registration fee
â–¶No withdrawal fee
â–¶low risk and decent profit
â–¶Free support & guidance 24/7
â–¶Instant payment"	-1
"The true about Joe Biden - http://aspedrom.com/2fTe

God Bless America !!!"	-1
BandytÄ… Bilden pÃ³jdzie siedzieÄ‡ za Å‚apÃ³wki od  ChiÅ„czykÃ³w. Za zdradÄ™ stanu.	186
trump Ä±n oylarÄ± Ã§alÄ±ndÄ±	-1
Holy shit the debate turned sour way faster than I remember	-1
Itâ€™s funny how she always lets Biden talk but not Trump.	-1
america corona is  genosite to kille pore peapel  et pour  sa  vacin  ha ha	-1
We. Want. Trump. Back. Please. Joe. Biden. Is. Sick	-1
Guys u need to watch deago  interview these guys, in awkward puppetsğŸ˜‚	-1
I just came here for the comments.	177
"1:33:20 - Joe Biden denies his remarks on the crime bill in the 90's
Here is him saying it
https://www.youtube.com/watch?v=7oDHSt-CKtc&ab_channel=AmericaRisingPAC

1:49:55 - Joe Biden denies wanting to ban fracking
Here is him wanting it
https://www.youtube.com/watch?v=digRNl-tmKI&ab_channel=AmericansforTaxReform"	-1
"Ok Mr President no no mr president we're moving onto the next question

Biden interrupts and gets a minute on rebuttal on one word that Trump got out

I ain't even American but shits fucked from the start"	-1
I'm confused why they call Joe Biden vice president he was former vice president so why are you still calling him vice president he is no longer the Vice president, right??	284
good political	-1
1:13:39 xD	215
"Bismillahhir rahmannir rahiim.
Dengan Nama Allah Yang Maha Pengasih lagi  Maha Penyayang.

Hai  orang-orang  yang  beriman,  janganlah  kamu  seperti  orang-orang  kafir (orang-orang munafik) itu,  yang  mengatakan  kepada  saudara-saudara  mereka  apabila  mereka mengadakan perjalanan di  muka    bumu    atau  mereka   berperang:  "" Kalau  mereka  tetap bersama-sama kita tentulah mereka  tetap  bersama-sama kita tentulah mereka tidak  mati  dan  tidak  dibunuh"".  Akibat   (dari  perkataan  dan  keyakinan  mereka) yang demikian itu,  Allah  menimbulkan  rasa penyesalan  yang  sangat  di  dalam  hati  mereka.  Allah  menghidupkan  dan  mematikan.  Dan Allah melihat apa yang kamu kerjakan.

Dan sungguh kalau kamu gugur di jalan  Allah  atau  meninggal tentulah ampunan  Allah  dan  rahmat-Nya  lebih  baik  (bagimu) dan harta rampsan yang mereka kumpulkan.

Dan sungguh jika kamu meninggal atau gugur, tentulah kepada Allah saja kamu dikumpulkan.

Maksudnya:  meninggal  di  jalan  Allah  bukan karena peperangan.

Maka  disebabkan  rahmat  dari  Allah-lah  kamu  berlaku  lemah lembut  terhadap  mereka.  Sekiranya  kamu  besikap  keras  lagi  berhati  kasar,  tentulah  mereka menjauhkan diri dari sekelilingmu, Karena  itu  ma'afkanlah  mereka,  mohonkanlah ampun bagi mereka, dan bermusyawarahlah  dengan mereka  dalam  urusan  itu.  Kemudian  apabila  kamu  telah  membulatkan  tekad,  maka  bertawakkallah  kepada Allah.  Sesungguhnya  Allah  menyukai  orang-orang yang  bertawakkal kepada-Nya.

Jika Allah menolong kamu, maka mengalahkan  kamu;  Jika  Allah membiarkan kamu (tidak memberi pertolongan)   maka siapakah gerangan  yang  dapat  menolong kamu (selain) dari Allah sesudah itu?  Karena  itu  hendaklah  kepada  Allah  saja  orang-orang  mu'min bertawakkal.

Tidak  mungkin  seorang  nabi  berkhianat  (dalam  urusan rampasan  perang).  Barangsiapa yang berkhianat  (dalam urusan rampasan perang itu),  maka pada hari  Kiamat  ia  akan  datang membawa apa yang dikhianatkannya itu; Kemudian tiap-tiap diri akan diberi pembalsan tentang apa  yang   ia kerjakan     dengan   (pembalasan)  setimpal,  sedang  mereka tidak dianiaya.

Apakah  orang  yang  mengikuti keridaan  Allah  sama dengan orang yang kembali  membawa  kemurkaan (yang besar) dari  Allah dan tempatnya adalah Jahannam? . Dan itulah  seburuk-buruk  tempat  kembali.

(Kedudukan)     mereka    itu   bertingkat-tingkat  di sisi  Allah, dan  Allah  Maha  Melihat  apa  yang  mereka  kerjakan.

Sungguh  Allah  telah  memberi karunia kepada orang-orang yang beriman ketika  Allah mengutus di antara mereka seorang rasul dari golongan  mereka sendiri,  yang membacakan kepada mereka ayat-ayat Allah,  membersihkan (jiwa) mereka, dan mengajarkan kepada mereka  Al  Kitab dan Al  Hikmah.  Dan  sesungguhnya  sebelum  (kedatangan  Nabi) itu,  mereka adalah    benar-benar  dalam kesesatan yang nyata.

Bersambung

Terimakasih sampurasun
Wabil taufik walhidayah.
Assalam mualaikum wr wb"	186
Ya Allah ampunilah dosa kami semua yang setuju like.	186
Bro this did not age well	-1
Trump legit kept interrupting Biden itâ€™s hilarious	-1
"What ""race"" are musloids?  Islam or musloids are not even a race."	-1
Black is not a race!!	-1
"Harris condemned ""black"" boys to life in prison for marijuana convictions.  Nice people eh?  Only a so called ""black"" person can be a true racist.  Harris isn't even black.  How come people with tan skin call them selves ""black""?"	-1
"Here we go again - democreep skin color.  You mean ""black"" skin?  Supposedly so called ""white"" people don't break the law.  There is nobody in the world with black or white skin.  Get a library card.  Hitler and Moooohamad started that skin color classification of people.  Biden is a dyed in the wool racist bastard."	-1
Joe Biden is china's little b....	-1
Donâ€™t talk to the president like that trump	-1
3:10 Bidens gonna cry	-1
WHO WOUOD DONALD TRUMO BE IF THEY TOOK AWAY GAY RACIST PEOPLE?	-1
HOW IS IT EVEN LOGICAL TO SAY U GOT DNOTHING DONE?	-1
You folks home will have an empty chair at table at the table this morning... doesnâ€™t take into account heâ€™s part of the reason covid was released	-1
24:09 26:24 28:38 31:38 39:18	-1
"Do you use amphetamine,
cortisone and caffeine.
I can see yours eyes gleemen!"	-1
The Senate was controlled by the Republicans back then and they wouldn't allow Obama to do anyting they stopped a lot of stuff back then and hopefully the Senate will be controlled by the Democrats so that the American people can be helped	-1
I want to use this opportunity to thank Dr Eguabor for the great work he has done for me and my cousin sister,i was cured from HIV through his herbal remedy and my cousin sister was also cured from Cancer. This is a great testimony for what Dr Eguabor has done for me and my entire generation. Iâ€™m giving this testimony so that those of you out there can contact him while he keeps saving my relatives. Send him a Dm and get a better health totally. Contact him via WhatsApp +2348107439905 or Email address:dreguabor@aol.com and you can as well reach me on my email or facebook Gavin Jefferson for more details.	140
The hushed french namely carry because channel electronmicroscopically fail but a ugliest marble. abrupt, kindly porcupine	-1
Biden: In America 200,000 deaths by the end of the year. That's our whole population. ğŸ˜†	-1
Thanks..o.k.ğŸ’ŸğŸ’¯ğŸŒ…ğŸ¤Ÿ	-1
Leaked watsapp Audio of ADMK MP Sasikala Pushpa//Controversial Phone Speech Joe Biden elections 2020 https://youtu.be/xH-ysazzUTI	-1
Is this epic rap battle?	76
will you shutup boomers	-1
I hate to break it to you sleepy joe but masks won't really stop COVID-19. Also what is your plan for COVID-19 joe	-1
Is Bush Bidens dad? Cause he has the same face	-1
Here is the real presidential debate - be careful everyone.	-1
"I do not have to build a lot of wealth if we really need money, I better vote for what is fulfilled in the promise and stand for truth and promise. We know that many people need something now but we need to vote for the strong, even if he is not rich as long as he did the right thing and knows how to fulfill that vote. So if I am among you citizens I will choose to vote because it is up to them who they will vote for.

Trump: Like
Biden: Like
Itâ€™s up to you if you want to comment

By: Sophia Leafar V. Rafael
6th Grade student
From PhilippinesğŸ‡µğŸ‡­ğŸ‡µğŸ‡­ğŸ‡µğŸ‡­ğŸ‡µğŸ‡­"	-1
I didnâ€™t think there would be a Biden supporter left after watching this. The poor American people	-1
The mixed difference usually succeed because sousaphone amazingly delay minus a shrill approval. impossible, black comb	-1
Look at trumps hands when hes talking	-1
58:21. memers will get this	-1
Blue vs Red - I Listened to Both Sides | Marcus Ward Show https://youtu.be/7b-aUDZHRmo	-1
â€œPeople are learning to die with it.â€ Thatâ€™s a fact. Almost 300,000 people dead less than year. So glad that Trump will be heading to Florida in January 20th.	-1
"Most officials says it wonâ€™t be until weâ€™re well into 2021 when we have a vaccine, you say itâ€™ll be in December.... are you right? Trump: yes.
Biden: LIAR.... *gets vaccine out in December 2020* ğŸ˜‚ğŸ˜‚ğŸ˜‚"	-1
51:50 he is lying he took some money you can understand he is lying from his body language and usage of words thats pathetic dude if you cant control your body how can you control a country.	-1
i watched this whole thing.	-1
"JOE BIDEN ADMITS TO ORGANIZING THE LARGEST VOTER FRAUD ORGANIZATION IN 
POLITICAL HISTORY IN THE 2020 PRESIDENTIAL ELECTION WITH BARACK OBAMAÂ 

https://www.youtube.com/watch?v=bXYHwCI2DBM"	-1
Yea theres NO WAY Joey beat Trump	-1
"https://www.youtube.com/watch?v=o7H7BbhAQKQ
 Â¯\_(ãƒ„)_/Â¯"	165
https://youtu.be/bS9zhXygp2U	162
"My man trump is spamming more then that one kid in a discord server spam pinging everyone.















*Disclaimer* It's a joke don't track me and stab me for saying this"	-1
"2020: Joe, I ran because of you
2016: Hillary, Iran because of you"	-1
This: https://open.spotify.com/album/3SbyYyiv7qj7OErQAMDTaM?si=B2jjDYwSRWiXkt-X9r1oww	-1
Imagine Arguing for 2 hours straight	-1
"This was a far better debate than the first ""debate"" which really was not a debate.  It was two grown men screaming at each other.  America lost that debate."	-1
Thanks to *cyberbrain.security* on insta he helped me to bypass my iCloud in less than 1hour am so happy for his great work	-1
at 34:44 Biden looked confused	-1
The election was so rigged. NOT RIGHT.	-1
"The biggest joke is US healthcare (regardless of president). And the joke's on the people. Make healthcare (and all education) free like every civilized country has for decades.
It's not normal that someone with, say, cancer should have to pay for the treatment or people have to pay thousands of dollars for insulin or even pay tuition for university... in you own country?! Madness. Socialism may not be the best, but there are things to take from each ideology. Why even pay taxes at all without these basic rights?"	-1
Biden's Abraham Lincoln comment will probably be looked at as the moment Trump definitively lost the election	-1
"Good news!!! Good news!!!, Do you want to live a rich, healthy and famous life. Do you want to get rich immediately and be out of suffering? Do you want the world to recognize you and listen to you when you speak? do you want to be in power and control? if yes, here is a good tip just join theâ€œ ILLUMINATI ORGANISATIONâ€, you may ask â€œHow Can I Joinâ€ , the answer is simple all you have to do is to contact us to ELEVATE YOURSELF FROMPOVERTY..
Do not hesitate to contact us.
Phone number Text / WhatsApp: +16042653087
Email :Â leonardtaylorr666@gmail.comÂ 

BEWARE OF SCAMMERS, THERE IS NO SUCH THING AS REGISTRATION FEE AND YOU MUSTBE ABOVE THE AGE OF 18YRS.
THANKS....TEAM REGARDSPLAN ILLUMINATION"	-1
"At 52:11 when Biden says Trump is taking money from other countries Trump can't even keep a straight face because he knows he got caught. He's such a liar about paying ""tens of millions of dollars"" in taxes. A big con artist and a fool. Smh!!"	-1
"\\\\ CONSTITUTION: Inaguration 4 months post election //// Was so in 1932 [Utube Dec 4, 2020, ''Why the US waits ....''] \\\\ Shedding Emergency Light on Recently Imposed GERRYMADERING Darkness? //// ""some states have shifted redistricting authority from politicians & given it to non-partisan redistricting commissions. Washington, Arizona & California have created standing committees for redistricting following the 2010 census. It has been argued however that in California's case, gerrymandering still continued despite this change. Rhode Island & New Jersey have developed ad hoc committees, but developed the past two decennial reapportionments tied to new census data. Florida's amendments 5 & 6, meanwhile, established rules for creation of districts but did not mandate an independent commission.'' Wickipedia 127-133 "" Oct 17, 2019, Utube, ""The man who rigged Amerca's election maps."" Even under constitutional, emergency runoff by advanced, Google verification-identification type, a most effective emergency secure internet runoff, escape not from the recently imposed, aforementioned election rigged maps is possible. By a few irreversible words of the Highly Selected Nine, the light may shed on both the first, and, if approved, constitutional, emergency, internet runoff.."	-1
Joe Biden wasnâ€™t lying when he said we set up the biggest voter fraud in history	-1
Who Built The Cages Joe?	64
"Biden: ğŸ˜„
Trump: ğŸ˜—ğŸ‘ŒğŸ»"	-1
More election truth can be seen at https://www.theepochtimes.com/	-1
â€‹@	11
"CERDITS
WE HOLD THESE TRUTHS TO BE SELF EVIDENT Joe biden
CALLED SUPER PREDATORS Donld J Trump
""JOE CLAIMING HE REDUCED THE POPULATION OF PRISIONS QUOTE""  BOOSTING 32000 lives
1 hour earlier @ 
 CREDITS"	-1
People brainwashed by the news call people who arenâ€™t â€œuneducatedâ€. The news has lied to us so many times. And I think they know that itâ€™s wrong but just wonâ€™t admit to themselves, which is like not being able to admit youâ€™re wrong sometimes, which is sad.	-1
Biden so demented he CONFIRMED in a speech, that he cheated.	-1
Trump is a fighter and Joe...well he is brain dead!	-1
Wow the USA is involved in fucken everything across the World.Now Joe said if hes elected, they will pay the price.That means, if hes elected, we will have new Wars...What an old ass fart ths Joe is...	-1
The loving calendar consquentially rush because headlight prognostically name atop a panicky landmine. fuzzy , earthy lasagna	-1
Excellent speech from American Lin Wood Lawyer   https://www.youtube.com/watch?v=z_f2R8R8U5Q&fbclid=IwAR3O5btezBFu9tzY--WjvE3TxkYSeVAmQ4jPn0EtXMAOK8qMujDWx9JTfaI	-1
Anybody still saying that COVID 19 is chinas fault has a point, however we here in (the USA) live here in (the USA) and Donald Trump as the leader of this country called (the USA) failed to protect the people of (the USA) and basically has sent (the USA) in to bankruptcy. What you ignore, you empower. Weâ€™re no longer ingnoring you Donald trump............we saw you, heard you, and know exactly what to say to you...............Your Fired!!	-1
The sedate surprise conformably introduce because hall admittedly measure round a rotten february. unwieldy, magical patio	-1
Biden is Pure evil God please help us. War will outbreak all over the world in large numbers as a a result of Bidens illegal election win. All Biden supporters have being proven wrong, even if the evidence is clearly available. Its pure blindness,  I pray for socialist lefty Biden supporters,  they need our love and compassion,  as they will need support transitioning from evil to good. God bless	-1
Why would you depend on the military I thought you said they were losers and suckers am glad that you are not the president anymore after Jan 20th and I hope that you or any of your family don't run for anything that has to do with this beautiful country because it seems like every time you and your family run for this country everything you guys touch you ruin it and trump you pretend to sound like you know what you are talking about but in reality you don't  know jack  $$$$ you have to be the dumbest President that the United States has ever had	-1
49:28 lmao that im guilty look	-1
"TRUMP ELECTION SCANDAL  <<< this is scary stuff >>>
https://www.youtube.com/watch?v=2zqlXmiKR1c
+ https://www.youtube.com/watch?v=9UhoTmFQHQ0
+ https://www.youtube.com/watch?v=7SAER0o9Z8I
+ https://www.youtube.com/watch?v=-I-fqDf62tI
+ https://www.youtube.com/watch?v=fUCC1q9Mr9M&t=827s
+ https://www.youtube.com/watch?v=g0BKdRywTcg
+ https://www.youtube.com/watch?v=nY2AXIx-GU4&t=299s
+ https://www.youtube.com/watch?v=b8fs1kR4tMs
+ https://www.youtube.com/embed/gwp23OrF2ro
-
http://aliensandghosts.yolasite.com/
http://beliefstoliveby.yolasite.com/
http://incaseofrapture.yolasite.com/ 
-
Here is a website that shows you how quick + simple this GEM technology is to build  https://www.youtube.com/watch?reload=9&v=NxpoiCFKmPg
-
TRUTH ABOUT CERN
https://www.youtube.com/watch?v=49dGknES0-w
https://www.youtube.com/watch?v=ooZA0riSa9Y
D-WAVE COMPUTER
https://www.youtube.com/watch?v=1v19n5JBSDs&t=305s
UFO's
https://www.youtube.com/watch?v=W7CM54HODGo
RELEASING DARKNESS
https://www.youtube.com/watch?v=7TA-z6RrXRo
ARTIFICIAL ORGANISM
https://www.youtube.com/watch?v=-arVyMQMi1M
EXTREME NATURE CHANGES
https://www.youtube.com/watch?v=7HnSOZXZdWU
ILLUMINATI PLAN FOR HUMANITY
https://www.youtube.com/watch?v=49dGknES0-w
SATANs NAME IS ""GOD"" - Part 1 of 2
https://www.youtube.com/watch?v=_qr2vT5ySLA&t=1137s
END TIMES
https://www.youtube.com/watch?v=zmg4i0PKG3A"	-1
Trump should have won	-1
I like how he refers to allies as friends it seems nicer	-1
58:52 - Excuse me...	-1
What does he mean when he says he doesn't no if Joe doesn't know what it means because he's never used the term , well I'm not sure president Trump knows what a democracy is when he told everybody to stop the voting on election night lol this man is a nincompoop and a buffoon a lunatic and etc	-1
"""By the way, you teachers out there, you're not going to die from it, so don't worry about it."" Why was this man ever considered?"	-1
All tares are sentenced to perdition by the authority of the holy spirit and Creator.Â  All tares,Â every last one of you, whenever the Creator wants, instantly, and soon, you will be cast into the abyss. There, you will be in utter darkness, and in a state of total delirium. You'll be confused, nauseous, dizzy, feel painfully sick, and your logic and ability to perceive left from right, up from down, won't work anymore. That's because the grace of the Creator which gave you those abilities will be forever gone at that point, much like your free will already is gone now as you serve the satanic hive mind and are a slave to it. There's no time in perdition, so your time there will never end. There is no where you can go in the abyss, because everywhere you walk melts away or circles back on itself. You'll hear the wailings of other tares in there with you, but you won't be able to find them. Sleep is impossible, so is eating or drinking. And yet you'll feel those urges to do those things just as you did in this world. But they will be impossible.	-1
Trump is amazing	242
Biden you suckğŸ˜¡	-1
I have NEVER known a person who could make me LMFAO & yet frighten me to the core, all at the same time.  I love listening to him cluck.  It's like pure comedy.  His ability to lie at lightening speed surpasses anything I have ever witnessed before.  And yet, I have never, ever been so frightened as I have been for the last 4 years by a child in an old man's fat orange body in the most powerful position in my country.  Thank you Great & Powerful Universe for hearing America's prayers.	-1
Joe Biden was not The Impostor	-1
Folks!	-1
"Has there ever been a more moaning little bitch than TRUMP.... Jesus christ
Thank god he going."	-1
The past lycra amazingly seal because gander spontaneously attempt save a past crib. tight, sour newsstand	-1
blaming someone for covid is like blaming someone for cancer	-1
"There is a Gifted spell caster called doctor awase with magical healing  and voodoo powers he have crakfted unique ancestral and traditional solution  to solve problems affecting your life.
Money spellğŸ’° 
Lottery spell 
Fruit of the womb 
Promotion at work 
Protection Ring..
Land/Court Case, 
Mental Disorder,
Impotency
Promise And Fail,
Political Appointment
Cancer cure in just one week,
Stroke cure 
Epilepsy cure
Business Boom
And so many others... 
Contact him +23407046143907"	-1
*cough cough*	-1
"1:44:33 
Flint Michigan: ğŸ‘ğŸ‘„ğŸ‘"	-1
Imagine thinking we are allowed to choose a president on this plantation	-1
The snotty scissors italy greet because year bilaterally scratch down a envious baby. supreme, noisy brace	-1
DONALD TRUMP supporters are stupid	-1
Cheeto man Donald trump is Cheeto man GO JOE BIDEN	-1
did Donald Trump ever learned how to shut up when people are talking or did he never ever went school	-1
You HAVE TO LEARN  to live with the virus, there's no control over this. Italy closed down pretty much their country for months and guess what, they're having another spike. Closing down our nation will simply destroy USA. More people die from Influenza than Coivd. This pandemic is pure promotion...	88
UGHHH I HATE DONALD TRUMPPP	-1
Nice that heâ€™s immune when he gets it. FUCK HEAD	-1
"the White House no longer focused on Otto's tragedy. In fact, it swung so far in the opposite direction that civil-rights groups complained about human-rights issues not being on the agenda for the summit in Singapore. When the three remaining American detainees were released in May, Trump welcomed them home by saying, â€œWe want to thank Kim Jong-un, who really was excellent to these three incredible people.â€  this is what he said, even knowing how south Korea Kim Ong-un tortured and made  like a vegetable  a yuong man of 21 named Otto Warmbie until he died. This is the saddest xtory I ever read.
Google it and find out.   Trump is a traitor to out country."	-1
Aww they are boyfriends ğŸ’ƒğŸ¢ğŸ¦ŸğŸ‘¹	-1
that woman sitting there looks like xerxes from 300	-1
Realization Trump is 6ft 0inch, same height is biden. Google is Bullshitting me. or trump has short man syndrome	-1
Will the old law be amended  when the new prime minister takes office?	-1
The real life debate unedited  https://youtu.be/kn-h78tuNiU	28
I always remind myself if trump can be president then I can be anything I dream of.	-1
"words spoken most often by:
Joe: C'mon C'mon
Trump: horrible horrible"	-1
1:48:06 â€œqueensâ€ lmao no one likes him there	-1
"I feel bad for two men arguing and fighting for one job 














There's *no excuse for you to not working hard*"	-1
They are like those two 5 year olds in the playground fighting for the swing	47
Doctor Jill Biden look amazing in that dress well coordinated and with vibrant life	-1
Trump sucks	236
Trump is full of shit talking about Hunter Biden was getting paid 183 thousand per month as if that's a inappropriate amount considering his administration tried to bribe Omarosa with a fee of 170 thousand a month to not release her tapes. Even before than she was being paid 160 thousand per month. Dude is such a manipulative liar... No telling how much he is paying his kids..	-1
you can tell trump is talking out of his ass and when Biden says something tump turns the question on Biden to cover trumps own ass its like watching Eric cartman-trump  Kyle broflovski-Biden  omg they killed Kenny you basted	-1
OMG	211
https://www.youtube.com/watch?v=5fJO3iwhmQg	165
Let me see him and let me see him talk.	-1
Wait if trump wants to take responsibility will he take responsibility for all the people who died from corona virus because trump said to not wear a mask	-1
1st imnute into the deabate and (shit if i were american I vote joe for sure	-1
Wow the moderator was change for this debate, and yet our president still gave her a complicated time when asked to move on to another topic questionğŸ˜‚	-1
Joe who built the cages Joe?? He is either that gullible and being used or knows exactly what he is doing	-1
https://www.youtube.com/watch?v=dCSj2Xss-CM	165
Starts at 1:58:00. You're welcome	-1
"omg
so pathetic...
food for thought."	-1
"AMERICA SENT A FOOL ON AN ERRAND AND HE HAS CUT HER LEGS OFF AND DISPLAYED THE STOMPS

SOON YOUR TONGUE WILL BE BRIDLED. YOU THINK, NOW I TALK. A SCOUNDREL, NUMBNUTS IS A LYING, FOOLISH, AND A FLIGHTY CREATURE. A SIMPLETON WHO CARES FOR NOTHING AND NO ONE BUT HIMSELF. WHAT DO YOU MEAN BY TREATING US AS CATTLE? ARE WE NOTHING BUT BRUTE BEAST TO YOU? IS THE EARTH A DESERT TO PROVE YOU RIGHT? WHEN A FOOL SPEAKS RUIN IS NEAR. LEWDNESS AND TARDINESS IS SPORT FOR THE STUPID. A GODLESS MAN WHO NEVER LISTENS TO CORRECTION. HATE IS ALWAYS PICKING A QUARREL. BY HIS WORDS THIS GODLESS MAN HAS RUINED MANY OTHERS. LIKE A GOLD RING IN A PIGS`S SNOUT THIS RICH MAN IS WITHOUT COMMON SENSE OR CHARACTER. A CRUEL MAN WHO MAKES TROUBLE, HAS NO RESPECT FOR HIS NEIGHBORS. WHOEVER RELIES ON HIS WEALTH AND PURSUES EVIL IS RIDING FOR A FALL. A MAN IS COMMENDED FOR HIS INTELLIGENCE, BUT A WRAPPED AND CONCEITED MIND IS DESPISED. THIS FOOL THINKS HE IS ALWAYS RIGHT: THEREFORE IS ALWAYS TRAPPED BY HIS OWN FALSEHOODS. DO HE KNOW TRUTH STANDS FIRM FOREVER, BUT LIES LIVE ONLY FOR A MOMENT. A CLEVER MAN CONCEALS HIS KNOWLEDGE, BUT A FOOLISH AND STUPID MAN BROADCAST AND PARADES HIS FOLLY. VIOLENCE IS MEAT AND DRINK FOR THE TREACHEROUS. A BRAINLESS FOOL CAUSES STRIFE BY HIS PRESUMPTIONS. ILL FORTUNE FOLLOWS A SINNER CLOSE BEHIND, MIXED WITH STUPIDITY AND TELLING A PACK OF LIES WILL LEAD TO DISASTER. FOLLY IS THE COMMANDER-IN-CHIEF ORNAMENT OF THE STUPID. THIS MADNESS MAY AMUSE THE EMPTY-HEADED: BUT SCHEMES LIGHTLY MADE COMES TO NOTHING! A BAD TEMPER PROVOKE QUARRELS. BETTER A DISH OF VEGETABLES IF LOVE GO WITH IT THAN A FAT OX EATEN IN HATRED. THE ROAD OF THE INTELLIGENCE DILIGENT IS A HIGHWAY, A MAN OF UNDERSTANDING MAKES STRAIGHT FOR HIS GOALS. A SCOUNDREL REPEATS EVIL GOSSIP (CRYING ABOUT A WALL THAT NO ONE WANTS); IT IS LIKE A SCORCHING FIRE ON HIS LIPS. FINE TALK IS OUT OF PLACE FOR THIS BOOR, BETTER FACE A SHE-BOOR ROBBED OF HER CUBS THAN A STUPID MAN IN HIS FOLLY! WHAT USE IS MONEY IN THE HANDS OF A STUPID MAN? CAN HE BUY WISDOM IF HE HAS NO SENSE? EVEN A FOOL, IF HE HOLDS HIS PEACE IS THOUGHT WISE. PRACTICE IN EVIL MAKES PERFECT THIS SCOUNDREL. THE ONE WHO UTTERS NOTHING BUT LIES WILL NOT GO FREE. THIS FOOL TRAITOR AT THE HELM IS OUT OF PLACE. BETTER TO BE A POOR MAN THAN A LIAR. THERE IS A ROD IN PICKLE FOR THE ARROGANT, AND BLOWS READY FOR THE STUPID MAN`S BACK!!! THE MAN WHO SOWS INJUSTICE REAPS TROUBLE, THE END OF HIS WORK WILL BE THE ROD!!! THE LORD KEEPS WATCH OVER EVERY CLAIM AT LAW AND WILL OVERTURN THIS SCOUNDREL'S CASE. THERE IS A LION AND A DEEP PIT OUTSIDE. THOSE WHOM THE LORD HAS CURSED WILL FALL INTO IN. A TYRANT OPPRESS THE POOR; THE LAWLESS PRAISE THE WICKED MEN; THE LAW-ABIDING IS ABOUT TO CONTEND WITH HIM!!!!!!!!!!!!! HE SHOULD BE A SHAME OF HIMSELF, AND ON THE WAY TO RUSSIA! THE NEW YORK CROWBAR HOTEL IS NEXT!"	-1
".am here to testify the great  job Dr kudu did for me you can trust him with family and friends problem.  Dr kudu   change my life story to glory. he is the greatest  man I
have ever seen. You can trust  him with family and friends problem. Contact him on this number (+2347026543956) or on  WhatsApp.  He solve
physical and spiritual problem such as:.
(1)my ex back spell
(2)work of leadership
(3)good luck spell
(4)business to move forward
(5)do as I say 
(6)marriage problems
(7) promotion in working place
(8)lack of good job opportunities
(9)stroke problems
(10)cancer cure
(11)win court Case
(12)traveling to abroad
(13)police  Case
(14)Girlfriend /boyfriend problems
(15)kidney cure
(16)Barren women and impotent men problems
(17)family problems
Call or what's app him now ((+2347026543956))
Or on (eaglebrown918@gmail.com) and all your problems will be solved."	-1
Mr President, your no Abe Lincoln	-1
Interesting and very Insightful!!.. I have a heartbreaking story to share on how I got out of Jail and became rich. Sometime June 2017, I had a business deal worth millions of dollars with some people including my best friend which lasted for 7months and it eventually pulled through. Everyone became happy and we needed to celebrate our victory, Unknowingly to me, that they were not happy because i have a higher percentage share of the money, greed had set in. They all had a plan to frame me up with a murder case so they could share the money amongst themselves. I got arrested, tried and convicted, my best friend was part of this plan. my family and business suffered a great deal while i was in jail. My family did all they could to get me out of jail to no avail. Until my wife read about a spell caster/ cure expert named Olalekan, she then contacted him and told him about me and he promised to help, eventually I got out of jail 17th November 2019. Then my wife told me about him and I contacted and told him everything that had happened and he said i shouldn't worry that i'm going to get back all I have lost, that I should file a lawsuit against them even though i do not stand a chance of winning the case. I believed in Olalekan and to my greatest surprise I won the lawsuit and got all i had lost. Also, the murder case was revisited and they were found guilty and all sentenced to jail, I'm internally grateful to Olalekan. You can reach Dr. Olalekan on whatsapp; +2349050071327 or email at: Olalekanspell@gmail.com .	-1
President Trump ğŸ‘ğŸ‘ğŸ¤œğŸ¤œğŸ’“ğŸ’“ğŸ’“ğŸ’“	-1
Democrats are corrupt!	15
*Who built the cages, Joe?*	64
"Just face the fact that you lost, LOSER!
Boney ass whooped your saggy fat ass in the polls.
Congratulations Joe! âœŒğŸ˜Š"	-1
BIDEN. ğŸ‘ğŸ‘ğŸ‘ğŸ‘ğŸ‘ğŸ‘ğŸ‘	-1
40:33	216
"trump: â€œwho built the cages?â€
joe: ignores* (knowing he built the cages)
 1:24:25"	-1
Trump is so defensive. It's like a child saying that he/she didnt take the cookie.	-1
1:59:20 I'm dying lmaook	-1
"The Hall of Funny Biden Faces that Make Me Forget the World is Burning

32:24 my man joe looks into the camera like jim from the office does when michael does something stupid
36:22 joe looks at trump in astonishment as he witnesses a complete 180
37:33 joe's brain fucking explodes as trump lies to his face
39:37 joe visibly thinks about saying his catchphrase ""will you shut up man,"" but refrains
40:42 ğŸ˜
42:01 ""c'mon!""
44:37 the face of a man who desperately wants to throw the fuck down
49:28 joe looks to the moderator dumbfounded in such a way that can only be described as ""y'all hear sum?""
53:23 joe is again astonished as the president of the united states of america proceeds to play the blame game with him
55:14 joe makes contact with the ghost of president richard m. nixon, and they both share a look of distain as a result of trump taking his ""witch hunt"" line
57:52 the look of a man who just had his son attacked on baseless claims
1:01:18 joe is once again taken back as trump completely derails the topic and spews garbage in a quick spur of what the experts call ""baby rage""
1:03:14 ""i- this bitch""
1:13:36 joe laughs at trump's limited knowledge of how democracy works"	-1
"""It was investigated and nobody SAID that I did anything wrong in Ukraine""    Nobody said anything so therefore it didn't happen   lol .  What was that that President Trump said about healthcare in that last sentence?   They cut him off."	-1
Julianne  is putins pupet	-1
Nooo i love trump	-1
Fuck Joe Biden!! Fuck this stupid country for voting for him!!	-1
Who is here after Trump win in supreme court?	-1
God, if this hardcore left tards win, this country wilk be done, venezuela case	-1
I miss OBAMA!!!	173
This one wasnâ€™t as hype as the first	-1
me skipping to see dramağŸ‘ï¸ğŸ‘„ğŸ‘ï¸	-1
Itâ€™s not a laser pointer itâ€™s a wand that cures the covid	-1
https://youtu.be/o7H7BbhAQKQ	162
"Biden: he has no plan
after a month after this debate-
Trump: here's your vaccine, folks!
Biden: he's lying
CBS: next question"	-1
Superb moderator the first one was rubbish	-1
ChInA	-1
That man is gonna make the US worse than EU. That climate lie is a business, its quite clear. First thing he talks about is economy and jobs, not the change that all that bs is gonna do for the climate. Run farmers of their land to fill fields with solar panels that only last for so long and then where u gonna dump them, wind turbines that destroy the whole ecoystem their put in and electric cars with cobalt in the batteries fueled by slave labour in the 3rd world. Biden voters are going to get the facist state they asked for. He laughed it off when Trump said the thing about wind turbines killing birds because the birds are such a small price to pay for a globalist like Biden.	-1
Alhamdulillah. Joe biden win	-1
This horrible disease.....  that came from China	-1
"When both are comedian 
ğŸ¤£ğŸ¤£ğŸ¤£ğŸ¤£ğŸ¤£ğŸ‡§ğŸ‡©ğŸ‡§ğŸ‡©ğŸ‡§ğŸ‡©ğŸ‡§ğŸ‡©ğŸ‡§ğŸ‡©"	-1
I got cured from hpv warts through herbal treatment from Dr OYAKHIRE who I met through the internet, I actually couldn't believe it at first because it sounded impossible to me knowing how far I have gone just to get rid of it. Dr OYAKHIRE send me his herbal medicine which I took as instructed and here I am living a happy life once again, a big thanks to Dr OYAKHIRE, I am sure there are many herbal doctors out there but Dr OYAKHIRE did it for me, contact him droyakhireherbalhome@gmail.com or WhatsApp +2347084100646 He is capable of curing HIV/AIDS, HERPES, HPV, HSV1&2, CANCER of all kinds, DIABETES and so many other infections.	140
"Imagine having a previous debate being a N A T I O N A L.  E M B A R R A S S M E N T 
And acting like a child in the second one. 

